"","date","positive_share","negative_share","ISMI"
"1",1991 Q2,0,0,0
"2",1991 Q3,0,0,0
"3",1991 Q4,0.0210276138492215,0.461620576446656,-0.440592962597434
"4",1992 Q1,0.029217171969932,0.562092746254016,-0.532875574284084
"5",1992 Q2,0.00476668090050547,0.472388007825301,-0.467621326924796
"6",1992 Q3,0.0489247153658321,0.373167407058731,-0.324242691692899
"7",1992 Q4,0.0452564825801934,0.422656447565507,-0.377399964985313
"8",1993 Q1,0.0230307236987978,0.487173554675073,-0.464142830976275
"9",1993 Q2,0.00298989358653497,0.570391456355196,-0.567401562768661
"10",1993 Q3,0.0254858957876427,0.632969069046359,-0.607483173258716
"11",1993 Q4,0.0628947270077357,0.542462349116185,-0.479567622108449
"12",1994 Q1,0.105515631774615,0.298761081539838,-0.193245449765224
"13",1994 Q2,0.0864687925263894,0.269787414027732,-0.183318621501343
"14",1994 Q3,0.0507161262713176,0.34534313055988,-0.294627004288563
"15",1994 Q4,0.0745039646944853,0.601180438448567,-0.526676473754081
"16",1995 Q1,0.0716068377597481,0.363660759810718,-0.29205392205097
"17",1995 Q2,0.060196028175736,0.380124970171547,-0.319928941995811
"18",1995 Q3,0.0386899044758395,0.343267031067181,-0.304577126591342
"19",1995 Q4,0.0350785477167577,0.5148425996114,-0.479764051894642
"20",1996 Q1,0.0297837337628954,0.486162045446756,-0.45637831168386
"21",1996 Q2,0.0740885361402317,0.438580705402997,-0.364492169262765
"22",1996 Q3,0.0462279726405876,0.43812123049968,-0.391893257859092
"23",1996 Q4,0.0513754512040349,0.44281452423728,-0.391439073033245
"24",1997 Q1,0.0432004916866145,0.448583166203015,-0.4053826745164
"25",1997 Q2,0.0429863530314168,0.252548819073796,-0.209562466042379
"26",1997 Q3,0.0344602203375149,0.284808681203588,-0.250348460866073
"27",1997 Q4,0.0308412523134827,0.194130363780581,-0.163289111467098
"28",1998 Q1,0.0265748260535685,0.185635941948045,-0.159061115894476
"29",1998 Q2,0.0121441400129925,0.188513126218044,-0.176368986205052
"30",1998 Q3,0.0288539434732244,0.338888089703889,-0.310034146230665
"31",1998 Q4,0.0222675416152434,0.27960476806839,-0.257337226453147
"32",1999 Q1,0.0394617041593569,0.213438150015175,-0.173976445855818
"33",1999 Q2,0.0231301151035056,0.132201263366741,-0.109071148263235
"34",1999 Q3,0.119789651664302,0.169940821619453,-0.0501511699551505
"35",1999 Q4,0.145212495767017,0.287871091545321,-0.142658595778305
"36",2000 Q1,0.101415028773178,0.287425982041089,-0.18601095326791
"37",2000 Q2,0.0806631803321385,0.17436241886733,-0.0936992385351912
"38",2000 Q3,0.0972898218949093,0.180823996186819,-0.0835341742919097
"39",2000 Q4,0.228840062814405,0.141685076255623,0.087154986558782
"40",2001 Q1,0.153370186155125,0.068320645935855,0.0850495402192699
"41",2001 Q2,0.172789930295674,0.0683896413253584,0.104400288970315
"42",2001 Q3,0.185526674366395,0.133040916700191,0.0524857576662039
"43",2001 Q4,0.10005262549898,0.273376631711356,-0.173324006212376
"44",2002 Q1,0.0955019351260038,0.212756703604251,-0.117254768478247
"45",2002 Q2,0.128059125091766,0.0835302318981844,0.0445288931935816
"46",2002 Q3,0.213879768772043,0.0590739917279356,0.154805777044108
"47",2002 Q4,0.167203575392183,0.0766009778337683,0.090602597558415
"48",2003 Q1,0.0957054120723987,0.136172615686391,-0.0404672036139923
"49",2003 Q2,0.0546360646445083,0.176644602821259,-0.122008538176751
"50",2003 Q3,0.0896579828263717,0.287370106243633,-0.197712123417261
"51",2003 Q4,0.0525488826815642,0.337907355679702,-0.285358472998138
"52",2004 Q1,0.0603344939779668,0.235607055197214,-0.175272561219248
"53",2004 Q2,0.0506033607759107,0.159247772640126,-0.108644411864216
"54",2004 Q3,0.132209875716804,0.231876296940893,-0.0996664212240891
"55",2004 Q4,0.258548542027801,0.307675746099745,-0.0491272040719435
"56",2005 Q1,0.0835793727754874,0.283903332231799,-0.200323959456311
"57",2005 Q2,0.0940649615766916,0.24251039406603,-0.148445432489339
"58",2005 Q3,0.0744567943606938,0.237104311323494,-0.162647516962801
"59",2005 Q4,0.0577436739131571,0.324356675779229,-0.266613001866071
"60",2006 Q1,0.107795221422484,0.203633731376998,-0.0958385099545142
"61",2006 Q2,0.107713520966826,0.205891597047611,-0.0981780760807851
"62",2006 Q3,0.240585365853659,0.219582238899312,0.0210031269543465
"63",2006 Q4,0.259878939306057,0.246429403570349,0.0134495357357089
"64",2007 Q1,0.243455981919319,0.0497900653671177,0.193665916552201
"65",2007 Q2,0.0673125152266441,0.0244581703186728,0.0428543449079714
"66",2007 Q3,0.104419644122733,0.0616406641278361,0.0427789799948971
"67",2007 Q4,0.0637885642242658,0.318344890240285,-0.254556326016019
"68",2008 Q1,0.227642276422764,0.279363334478415,-0.0517210580556509
"69",2008 Q2,0.0783073156773599,0.28126774189153,-0.20296042621417
"70",2008 Q3,0.177981973545593,0.127945506442522,0.0500364671030713
"71",2008 Q4,0.164267192914018,0.261974804378256,-0.0977076114642373
"72",2009 Q1,0.092801736079047,0.114964447317388,-0.0221627112383415
"73",2009 Q2,0.10317892741533,0.0532125801828696,0.0499663472324605
"74",2009 Q3,0.284894949640807,0.177823002779683,0.107071946861124
"75",2009 Q4,0.106259440248778,0.182963127498889,-0.076703687250111
"76",2010 Q1,0.0880782176349522,0.223458269153973,-0.135380051519021
"77",2010 Q2,0.0465326720612547,0.292295310188811,-0.245762638127556
"78",2010 Q3,0.0446229419424711,0.112105310658707,-0.0674823687162363
"79",2010 Q4,0.0586034701650444,0.113876428269149,-0.0552729581041049
"80",2011 Q1,0.10770180440835,0.0982283456300732,0.00947345877827653
"81",2011 Q2,0.150687548539556,0.129776603830005,0.0209109447095517
"82",2011 Q3,0.240360167308841,0.120116209589352,0.12024395771949
"83",2011 Q4,0.172120229575107,0.0607217196136816,0.111398509961425
"84",2012 Q1,0.112643836114737,0.121863089440095,-0.0092192533253576
"85",2012 Q2,0.047592198053138,0.200006443895818,-0.15241424584268
"86",2012 Q3,0.0529036643144154,0.200175919077224,-0.147272254762809
"87",2012 Q4,0.0224403704643492,0.245888575234712,-0.223448204770363
"88",2013 Q1,0.217299495408531,0.223885040900116,-0.00658554549158497
"89",2013 Q2,0.309368487111745,0.233627228424666,0.0757412586870792
"90",2013 Q3,0.314791277449389,0.181567945851582,0.133223331597807
"91",2013 Q4,0.0779300136632762,0.178579019280401,-0.100649005617125
"92",2014 Q1,0.0910479693716688,0.179314616019818,-0.0882666466481496
"93",2014 Q2,0.175372899839196,0.128026172300981,0.0473467275382141
"94",2014 Q3,0.13273471717582,0.106945923299561,0.0257887938762591
"95",2014 Q4,0.126222280188826,0.208875411653461,-0.0826531314646349
"96",2015 Q1,0.136137610561821,0.309638240275626,-0.173500629713806
"97",2015 Q2,0.139701526829916,0.252226701753,-0.112525174923084
"98",2015 Q3,0.185925946910677,0.2760418142157,-0.0901158673050227
"99",2015 Q4,0.140355312126957,0.255108489572361,-0.114753177445404
"100",2016 Q1,0.100106555997981,0.317473781616286,-0.217367225618305
"101",2016 Q2,0.0815560050216209,0.372691449295578,-0.291135444273957
"102",2016 Q3,0.0120782056028204,0.378271685240094,-0.366193479637273
"103",2016 Q4,0.0747080275754582,0.447537246350558,-0.3728292187751
"104",2017 Q1,0.101802557186489,0.439735728212226,-0.337933171025737
"105",2017 Q2,0.108791544598787,0.316330191123423,-0.207538646524636
"106",2017 Q3,0.0803384056848992,0.113714457025575,-0.0333760513406756
"107",2017 Q4,0.106530594993872,0.0996088860567717,0.0069217089370999
"108",2018 Q1,0.178070564632805,0.135332471691198,0.0427380929416077
"109",2018 Q2,0.248669032124616,0.0461964390841541,0.202472593040462
"110",2018 Q3,0.181996153967403,0.112477538539138,0.0695186154282652
"111",2018 Q4,0.369521664879213,0.106879232097422,0.262642432781791
"112",2019 Q1,0.362796118441144,0.120744027771718,0.242052090669426
"113",2019 Q2,0.328129823304975,0.0805962685369257,0.247533554768049
"114",2019 Q3,0.43623588610702,0.130031909671085,0.306203976435935
"115",2019 Q4,0.372972252352702,0.0961047853935512,0.276867466959151
"116",2020 Q1,0.0673421089266655,0.133629290476264,-0.0662871815495986
"117",2020 Q2,0.00658750487322332,0.121675732987441,-0.115088228114217
"118",2020 Q3,0.0139866184332682,0.102010436341518,-0.0880238179082498
"119",2020 Q4,0.0907597444938941,0.084144187489317,0.0066155570045771
"120",2021 Q1,0.22395554679507,0.0651029200574438,0.158852626737627
"121",2021 Q2,0.200055862454224,0.0533082986779219,0.146747563776302
"122",2021 Q3,0.208047708250183,0.0182314502713742,0.189816257978809
"123",2021 Q4,0.580131353073303,0.0193300253083837,0.56080132776492
"124",2022 Q1,0.689371469122318,0.0199336929584805,0.669437776163838
"125",2022 Q2,0.640236332400674,0.036781347528807,0.603454984871867
"126",2022 Q3,0.572847984511698,0.0227758397106902,0.550072144801008
"127",2022 Q4,0.434089824078685,0.0471604646745687,0.386929359404116
"128",2023 Q1,0.386095072011193,0.0674208282427849,0.318674243768408
"129",2023 Q2,0.419987794556774,0.0789586697573729,0.341029124799401
"130",2023 Q3,0.361047952030575,0.0226577506752845,0.33839020135529
"131",2023 Q4,0.293780578861533,0.141382410154638,0.152398168706895
"132",2024 Q1,0.0797926882013053,0.132660598609174,-0.0528679104078687
"133",2024 Q2,0.073336835615814,0.0886509255860926,-0.0153140899702786
"134",2024 Q3,0.0844414234532761,0.076678892240301,0.00776253121297514
"135",2024 Q4,0.094845899315134,0.150922365527711,-0.0560764662125766
"136",2025 Q1,0.109964635580164,0.0613876434730586,0.048576992107105
"137",2025 Q2,0.096649384641341,0.0330638431758799,0.063585541465461
"138",2025 Q3,0.128740533950883,0.0401822738458331,0.0885582601050499
"139",2025 Q4,0.417050629580235,0.123841978260191,0.293208651320044
"140",2026 Q1,0.0848382475193236,0.155608274227497,-0.0707700267081734
