"","REF_DATE","VALUE","year","month"
"1","1981-01",40.2,1981,1
"2","1981-04",41.1,1981,4
"3","1981-07",42.2,1981,7
"4","1981-10",43,1981,10
"5","1982-01",43.9,1982,1
"6","1982-04",45.3,1982,4
"7","1982-07",46.4,1982,7
"8","1982-10",47.4,1982,10
"9","1983-01",47.9,1983,1
"10","1983-04",48.5,1983,4
"11","1983-07",49.4,1983,7
"12","1983-10",50,1983,10
"13","1984-01",50.6,1984,1
"14","1984-04",50.9,1984,4
"15","1984-07",51.4,1984,7
"16","1984-10",51.8,1984,10
"17","1985-01",52.4,1985,1
"18","1985-04",53.1,1985,4
"19","1985-07",53.5,1985,7
"20","1985-10",53.9,1985,10
"21","1986-01",54.9,1986,1
"22","1986-04",55.1,1986,4
"23","1986-07",55.7,1986,7
"24","1986-10",56.4,1986,10
"25","1987-01",57,1987,1
"26","1987-04",57.5,1987,4
"27","1987-07",57.9,1987,7
"28","1987-10",58.5,1987,10
"29","1988-01",59,1988,1
"30","1988-04",59.6,1988,4
"31","1988-07",60.3,1988,7
"32","1988-10",60.9,1988,10
"33","1989-01",61.3,1989,1
"34","1989-04",62.3,1989,4
"35","1989-07",63.1,1989,7
"36","1989-10",63.5,1989,10
"37","1990-01",64.1,1990,1
"38","1990-04",64.7,1990,4
"39","1990-07",65.5,1990,7
"40","1990-10",66.4,1990,10
"41","1991-01",67.8,1991,1
"42","1991-04",68.3,1991,4
"43","1991-07",68.8,1991,7
"44","1991-10",68.5,1991,10
"45","1992-01",68.9,1992,1
"46","1992-04",69.2,1992,4
"47","1992-07",69.7,1992,7
"48","1992-10",70,1992,10
"49","1993-01",70.2,1993,1
"50","1993-04",70.6,1993,4
"51","1993-07",70.9,1993,7
"52","1993-10",71.5,1993,10
"53","1994-01",71.2,1994,1
"54","1994-04",71.3,1994,4
"55","1994-07",71.7,1994,7
"56","1994-10",72,1994,10
"57","1995-01",72.2,1995,1
"58","1995-04",72.5,1995,4
"59","1995-07",72.7,1995,7
"60","1995-10",72.8,1995,10
"61","1996-01",73.1,1996,1
"62","1996-04",73.7,1996,4
"63","1996-07",74,1996,7
"64","1996-10",74.4,1996,10
"65","1997-01",74.6,1997,1
"66","1997-04",74.9,1997,4
"67","1997-07",75,1997,7
"68","1997-10",75.5,1997,10
"69","1998-01",75.6,1998,1
"70","1998-04",75.7,1998,4
"71","1998-07",76,1998,7
"72","1998-10",76.3,1998,10
"73","1999-01",76.5,1999,1
"74","1999-04",76.9,1999,4
"75","1999-07",77.4,1999,7
"76","1999-10",77.9,1999,10
"77","2000-01",78.2,2000,1
"78","2000-04",78.6,2000,4
"79","2000-07",79.2,2000,7
"80","2000-10",79.8,2000,10
"81","2001-01",79.8,2001,1
"82","2001-04",80.8,2001,4
"83","2001-07",80.9,2001,7
"84","2001-10",80.8,2001,10
"85","2002-01",81,2002,1
"86","2002-04",81.8,2002,4
"87","2002-07",82.7,2002,7
"88","2002-10",83.1,2002,10
"89","2003-01",83.4,2003,1
"90","2003-04",83.3,2003,4
"91","2003-07",83.7,2003,7
"92","2003-10",83.6,2003,10
"93","2004-01",84.1,2004,1
"94","2004-04",84.7,2004,4
"95","2004-07",84.8,2004,7
"96","2004-10",85,2004,10
"97","2005-01",85.4,2005,1
"98","2005-04",85.9,2005,4
"99","2005-07",86.3,2005,7
"100","2005-10",86.4,2005,10
"101","2006-01",86.7,2006,1
"102","2006-04",87,2006,4
"103","2006-07",87.2,2006,7
"104","2006-10",87.1,2006,10
"105","2007-01",87.9,2007,1
"106","2007-04",88.3,2007,4
"107","2007-07",88.4,2007,7
"108","2007-10",88.5,2007,10
"109","2008-01",88.9,2008,1
"110","2008-04",89.5,2008,4
"111","2008-07",90.3,2008,7
"112","2008-10",89.7,2008,10
"113","2009-01",89.4,2009,1
"114","2009-04",89.4,2009,4
"115","2009-07",89.7,2009,7
"116","2009-10",90.5,2009,10
"117","2010-01",90.6,2010,1
"118","2010-04",90.6,2010,4
"119","2010-07",91,2010,7
"120","2010-10",91.6,2010,10
"121","2011-01",92.1,2011,1
"122","2011-04",92.7,2011,4
"123","2011-07",93.1,2011,7
"124","2011-10",93.6,2011,10
"125","2012-01",93.8,2012,1
"126","2012-04",94,2012,4
"127","2012-07",94.1,2012,7
"128","2012-10",94.4,2012,10
"129","2013-01",94.9,2013,1
"130","2013-04",95.1,2013,4
"131","2013-07",95.5,2013,7
"132","2013-10",95.8,2013,10
"133","2014-01",96.5,2014,1
"134","2014-04",97.1,2014,4
"135","2014-07",97.4,2014,7
"136","2014-10",97.7,2014,10
"137","2015-01",97.6,2015,1
"138","2015-04",97.9,2015,4
"139","2015-07",98.5,2015,7
"140","2015-10",98.7,2015,10
"141","2016-01",98.8,2016,1
"142","2016-04",98.9,2016,4
"143","2016-07",99,2016,7
"144","2016-10",99.4,2016,10
"145","2017-01",99.8,2017,1
"146","2017-04",99.9,2017,4
"147","2017-07",99.8,2017,7
"148","2017-10",100.5,2017,10
"149","2018-01",101,2018,1
"150","2018-04",101.4,2018,4
"151","2018-07",101.8,2018,7
"152","2018-10",102,2018,10
"153","2019-01",102.4,2019,1
"154","2019-04",103.2,2019,4
"155","2019-07",103.3,2019,7
"156","2019-10",103.9,2019,10
"157","2020-01",104,2020,1
"158","2020-04",103.1,2020,4
"159","2020-07",104,2020,7
"160","2020-10",104.7,2020,10
"161","2021-01",105.4,2021,1
"162","2021-04",106.3,2021,4
"163","2021-07",107.4,2021,7
"164","2021-10",108.8,2021,10
"165","2022-01",110.9,2022,1
"166","2022-04",113.1,2022,4
"167","2022-07",114,2022,7
"168","2022-10",115.3,2022,10
"169","2023-01",116.2,2023,1
"170","2023-04",117.2,2023,4
"171","2023-07",118.3,2023,7
"172","2023-10",118.8,2023,10
"173","2024-01",119.5,2024,1
"174","2024-04",120.6,2024,4
"175","2024-07",121.2,2024,7
"176","2024-10",121.9,2024,10
"177","2025-01",122.7,2025,1
"178","2025-04",122.9,2025,4
"179","2025-07",124,2025,7
"180","2025-10",125,2025,10
"181","2026-01",125.7,2026,1
